"Id","Dataset","ImgType","Slice","SliceCount","SliceRelIndex","SliceOrder"
1,"train","sax",5,16,1,4
1,"train","sax",6,16,2,4
1,"train","sax",7,16,3,4
1,"train","sax",8,16,4,3
1,"train","sax",9,16,5,3
1,"train","sax",10,16,6,2
1,"train","sax",11,16,7,2
1,"train","sax",12,16,8,1
1,"train","sax",13,16,9,1
1,"train","sax",14,16,10,2
1,"train","sax",15,16,11,2
1,"train","sax",16,16,12,3
1,"train","sax",17,16,13,3
1,"train","sax",18,16,14,4
1,"train","sax",38,16,15,4
1,"train","sax",57,16,16,4
10,"train","sax",5,10,1,3
10,"train","sax",6,10,2,3
10,"train","sax",7,10,3,2
10,"train","sax",8,10,4,2
10,"train","sax",9,10,5,1
10,"train","sax",10,10,6,1
10,"train","sax",11,10,7,2
10,"train","sax",12,10,8,2
10,"train","sax",13,10,9,3
10,"train","sax",14,10,10,3
30,"train","sax",5,11,1,3
30,"train","sax",6,11,2,3
30,"train","sax",7,11,3,2
30,"train","sax",8,11,4,2
30,"train","sax",9,11,5,1
30,"train","sax",10,11,6,1
30,"train","sax",11,11,7,2
30,"train","sax",12,11,8,2
30,"train","sax",13,11,9,3
30,"train","sax",14,11,10,3
30,"train","sax",15,11,11,3
80,"train","sax",5,9,1,2
80,"train","sax",6,9,2,2
80,"train","sax",7,9,3,2
80,"train","sax",8,9,4,1
80,"train","sax",9,9,5,1
80,"train","sax",10,9,6,2
80,"train","sax",11,9,7,2
80,"train","sax",12,9,8,3
80,"train","sax",13,9,9,3
200,"train","sax",41,9,1,2
200,"train","sax",42,9,2,2
200,"train","sax",43,9,3,2
200,"train","sax",44,9,4,1
200,"train","sax",45,9,5,1
200,"train","sax",46,9,6,2
200,"train","sax",47,9,7,2
200,"train","sax",48,9,8,3
200,"train","sax",49,9,9,3
300,"train","sax",6,11,1,3
300,"train","sax",7,11,2,3
300,"train","sax",8,11,3,2
300,"train","sax",9,11,4,2
300,"train","sax",10,11,5,1
300,"train","sax",11,11,6,1
300,"train","sax",12,11,7,2
300,"train","sax",13,11,8,2
300,"train","sax",14,11,9,3
300,"train","sax",15,11,10,3
300,"train","sax",16,11,11,3
402,"train","sax",9,11,1,3
402,"train","sax",10,11,2,3
402,"train","sax",11,11,3,2
402,"train","sax",12,11,4,2
402,"train","sax",13,11,5,1
402,"train","sax",14,11,6,1
402,"train","sax",15,11,7,2
402,"train","sax",16,11,8,2
402,"train","sax",17,11,9,3
402,"train","sax",18,11,10,3
402,"train","sax",19,11,11,3
500,"train","sax",15,12,1,3
500,"train","sax",16,12,2,3
500,"train","sax",17,12,3,3
500,"train","sax",18,12,4,2
500,"train","sax",19,12,5,2
500,"train","sax",20,12,6,1
500,"train","sax",21,12,7,1
500,"train","sax",22,12,8,2
500,"train","sax",23,12,9,2
500,"train","sax",24,12,10,3
500,"train","sax",25,12,11,3
500,"train","sax",26,12,12,3
501,"validate","sax",26,11,1,3
501,"validate","sax",27,11,2,3
501,"validate","sax",28,11,3,2
501,"validate","sax",29,11,4,2
501,"validate","sax",30,11,5,1
501,"validate","sax",31,11,6,1
501,"validate","sax",32,11,7,2
501,"validate","sax",34,11,8,2
501,"validate","sax",35,11,9,3
501,"validate","sax",36,11,10,3
501,"validate","sax",37,11,11,3
502,"validate","sax",5,10,1,3
502,"validate","sax",6,10,2,3
502,"validate","sax",7,10,3,2
502,"validate","sax",8,10,4,2
502,"validate","sax",9,10,5,1
502,"validate","sax",10,10,6,1
502,"validate","sax",11,10,7,2
502,"validate","sax",12,10,8,2
502,"validate","sax",13,10,9,3
502,"validate","sax",14,10,10,3
503,"validate","sax",5,11,1,3
503,"validate","sax",6,11,2,3
503,"validate","sax",7,11,3,2
503,"validate","sax",8,11,4,2
503,"validate","sax",9,11,5,1
503,"validate","sax",10,11,6,1
503,"validate","sax",11,11,7,2
503,"validate","sax",12,11,8,2
503,"validate","sax",13,11,9,3
503,"validate","sax",14,11,10,3
503,"validate","sax",15,11,11,3
504,"validate","sax",12,11,1,3
504,"validate","sax",13,11,2,3
504,"validate","sax",14,11,3,2
504,"validate","sax",15,11,4,2
504,"validate","sax",16,11,5,1
504,"validate","sax",17,11,6,1
504,"validate","sax",18,11,7,2
504,"validate","sax",19,11,8,2
504,"validate","sax",20,11,9,3
504,"validate","sax",21,11,10,3
504,"validate","sax",22,11,11,3
505,"validate","sax",44,10,1,3
505,"validate","sax",45,10,2,3
505,"validate","sax",46,10,3,2
505,"validate","sax",47,10,4,2
505,"validate","sax",48,10,5,1
505,"validate","sax",49,10,6,1
505,"validate","sax",50,10,7,2
505,"validate","sax",51,10,8,2
505,"validate","sax",52,10,9,3
505,"validate","sax",53,10,10,3
506,"validate","sax",11,15,1,4
506,"validate","sax",12,15,2,4
506,"validate","sax",13,15,3,3
506,"validate","sax",16,15,4,3
506,"validate","sax",17,15,5,2
506,"validate","sax",18,15,6,2
506,"validate","sax",19,15,7,1
506,"validate","sax",20,15,8,1
506,"validate","sax",21,15,9,2
506,"validate","sax",22,15,10,2
506,"validate","sax",23,15,11,3
506,"validate","sax",57,15,12,3
506,"validate","sax",58,15,13,4
506,"validate","sax",59,15,14,4
506,"validate","sax",60,15,15,4
507,"validate","sax",5,11,1,3
507,"validate","sax",6,11,2,3
507,"validate","sax",7,11,3,2
507,"validate","sax",8,11,4,2
507,"validate","sax",9,11,5,1
507,"validate","sax",10,11,6,1
507,"validate","sax",11,11,7,2
507,"validate","sax",12,11,8,2
507,"validate","sax",13,11,9,3
507,"validate","sax",14,11,10,3
507,"validate","sax",15,11,11,3
508,"validate","sax",46,9,1,2
508,"validate","sax",47,9,2,2
508,"validate","sax",48,9,3,2
508,"validate","sax",49,9,4,1
508,"validate","sax",50,9,5,1
508,"validate","sax",51,9,6,2
508,"validate","sax",52,9,7,2
508,"validate","sax",53,9,8,3
508,"validate","sax",54,9,9,3
509,"validate","sax",5,9,1,2
509,"validate","sax",6,9,2,2
509,"validate","sax",7,9,3,2
509,"validate","sax",8,9,4,1
509,"validate","sax",9,9,5,1
509,"validate","sax",10,9,6,2
509,"validate","sax",11,9,7,2
509,"validate","sax",12,9,8,3
509,"validate","sax",13,9,9,3
510,"validate","sax",7,9,1,2
510,"validate","sax",8,9,2,2
510,"validate","sax",9,9,3,2
510,"validate","sax",11,9,4,1
510,"validate","sax",12,9,5,1
510,"validate","sax",13,9,6,2
510,"validate","sax",14,9,7,2
510,"validate","sax",15,9,8,3
510,"validate","sax",16,9,9,3
511,"validate","sax",13,11,1,3
511,"validate","sax",14,11,2,3
511,"validate","sax",15,11,3,2
511,"validate","sax",16,11,4,2
511,"validate","sax",17,11,5,1
511,"validate","sax",18,11,6,1
511,"validate","sax",19,11,7,2
511,"validate","sax",20,11,8,2
511,"validate","sax",21,11,9,3
511,"validate","sax",22,11,10,3
511,"validate","sax",23,11,11,3
512,"validate","sax",5,11,1,3
512,"validate","sax",6,11,2,3
512,"validate","sax",7,11,3,2
512,"validate","sax",8,11,4,2
512,"validate","sax",9,11,5,1
512,"validate","sax",10,11,6,1
512,"validate","sax",11,11,7,2
512,"validate","sax",12,11,8,2
512,"validate","sax",13,11,9,3
512,"validate","sax",14,11,10,3
512,"validate","sax",15,11,11,3
513,"validate","sax",5,9,1,2
513,"validate","sax",6,9,2,2
513,"validate","sax",7,9,3,2
513,"validate","sax",8,9,4,1
513,"validate","sax",9,9,5,1
513,"validate","sax",10,9,6,2
513,"validate","sax",11,9,7,2
513,"validate","sax",12,9,8,3
513,"validate","sax",13,9,9,3
514,"validate","sax",7,13,1,3
514,"validate","sax",8,13,2,3
514,"validate","sax",9,13,3,3
514,"validate","sax",10,13,4,2
514,"validate","sax",11,13,5,2
514,"validate","sax",12,13,6,1
514,"validate","sax",13,13,7,1
514,"validate","sax",14,13,8,2
514,"validate","sax",15,13,9,2
514,"validate","sax",16,13,10,3
514,"validate","sax",17,13,11,3
514,"validate","sax",18,13,12,4
514,"validate","sax",19,13,13,4
515,"validate","sax",64,13,1,3
515,"validate","sax",65,13,2,3
515,"validate","sax",66,13,3,3
515,"validate","sax",67,13,4,2
515,"validate","sax",68,13,5,2
515,"validate","sax",69,13,6,1
515,"validate","sax",70,13,7,1
515,"validate","sax",71,13,8,2
515,"validate","sax",72,13,9,2
515,"validate","sax",73,13,10,3
515,"validate","sax",74,13,11,3
515,"validate","sax",75,13,12,4
515,"validate","sax",76,13,13,4
516,"validate","sax",6,12,1,3
516,"validate","sax",7,12,2,3
516,"validate","sax",8,12,3,3
516,"validate","sax",9,12,4,2
516,"validate","sax",10,12,5,2
516,"validate","sax",11,12,6,1
516,"validate","sax",12,12,7,1
516,"validate","sax",13,12,8,2
516,"validate","sax",14,12,9,2
516,"validate","sax",15,12,10,3
516,"validate","sax",16,12,11,3
516,"validate","sax",104,12,12,3
517,"validate","sax",10,13,1,3
517,"validate","sax",12,13,2,3
517,"validate","sax",13,13,3,3
517,"validate","sax",14,13,4,2
517,"validate","sax",15,13,5,2
517,"validate","sax",16,13,6,1
517,"validate","sax",17,13,7,1
517,"validate","sax",21,13,8,2
517,"validate","sax",22,13,9,2
517,"validate","sax",23,13,10,3
517,"validate","sax",24,13,11,3
517,"validate","sax",25,13,12,4
517,"validate","sax",26,13,13,4
518,"validate","sax",5,10,1,3
518,"validate","sax",6,10,2,3
518,"validate","sax",7,10,3,2
518,"validate","sax",8,10,4,2
518,"validate","sax",9,10,5,1
518,"validate","sax",10,10,6,1
518,"validate","sax",11,10,7,2
518,"validate","sax",12,10,8,2
518,"validate","sax",13,10,9,3
518,"validate","sax",14,10,10,3
519,"validate","sax",6,11,1,3
519,"validate","sax",7,11,2,3
519,"validate","sax",8,11,3,2
519,"validate","sax",9,11,4,2
519,"validate","sax",10,11,5,1
519,"validate","sax",11,11,6,1
519,"validate","sax",12,11,7,2
519,"validate","sax",13,11,8,2
519,"validate","sax",14,11,9,3
519,"validate","sax",15,11,10,3
519,"validate","sax",16,11,11,3
520,"validate","sax",5,9,1,2
520,"validate","sax",6,9,2,2
520,"validate","sax",7,9,3,2
520,"validate","sax",8,9,4,1
520,"validate","sax",9,9,5,1
520,"validate","sax",10,9,6,2
520,"validate","sax",11,9,7,2
520,"validate","sax",12,9,8,3
520,"validate","sax",13,9,9,3
521,"validate","sax",5,11,1,3
521,"validate","sax",6,11,2,3
521,"validate","sax",7,11,3,2
521,"validate","sax",8,11,4,2
521,"validate","sax",9,11,5,1
521,"validate","sax",10,11,6,1
521,"validate","sax",11,11,7,2
521,"validate","sax",12,11,8,2
521,"validate","sax",13,11,9,3
521,"validate","sax",14,11,10,3
521,"validate","sax",15,11,11,3
522,"validate","sax",9,11,1,3
522,"validate","sax",10,11,2,3
522,"validate","sax",11,11,3,2
522,"validate","sax",12,11,4,2
522,"validate","sax",13,11,5,1
522,"validate","sax",14,11,6,1
522,"validate","sax",15,11,7,2
522,"validate","sax",16,11,8,2
522,"validate","sax",17,11,9,3
522,"validate","sax",18,11,10,3
522,"validate","sax",19,11,11,3
523,"validate","sax",5,9,1,2
523,"validate","sax",6,9,2,2
523,"validate","sax",7,9,3,2
523,"validate","sax",8,9,4,1
523,"validate","sax",9,9,5,1
523,"validate","sax",10,9,6,2
523,"validate","sax",11,9,7,2
523,"validate","sax",12,9,8,3
523,"validate","sax",13,9,9,3
524,"validate","sax",58,10,1,3
524,"validate","sax",59,10,2,3
524,"validate","sax",60,10,3,2
524,"validate","sax",61,10,4,2
524,"validate","sax",62,10,5,1
524,"validate","sax",63,10,6,1
524,"validate","sax",64,10,7,2
524,"validate","sax",65,10,8,2
524,"validate","sax",66,10,9,3
524,"validate","sax",67,10,10,3
525,"validate","sax",5,9,1,2
525,"validate","sax",6,9,2,2
525,"validate","sax",7,9,3,2
525,"validate","sax",8,9,4,1
525,"validate","sax",9,9,5,1
525,"validate","sax",10,9,6,2
525,"validate","sax",11,9,7,2
525,"validate","sax",12,9,8,3
525,"validate","sax",13,9,9,3
526,"validate","sax",23,12,1,3
526,"validate","sax",24,12,2,3
526,"validate","sax",25,12,3,3
526,"validate","sax",26,12,4,2
526,"validate","sax",27,12,5,2
526,"validate","sax",28,12,6,1
526,"validate","sax",29,12,7,1
526,"validate","sax",30,12,8,2
526,"validate","sax",31,12,9,2
526,"validate","sax",32,12,10,3
526,"validate","sax",33,12,11,3
526,"validate","sax",34,12,12,3
527,"validate","sax",6,13,1,3
527,"validate","sax",7,13,2,3
527,"validate","sax",8,13,3,3
527,"validate","sax",9,13,4,2
527,"validate","sax",10,13,5,2
527,"validate","sax",11,13,6,1
527,"validate","sax",12,13,7,1
527,"validate","sax",13,13,8,2
527,"validate","sax",14,13,9,2
527,"validate","sax",15,13,10,3
527,"validate","sax",16,13,11,3
527,"validate","sax",17,13,12,4
527,"validate","sax",18,13,13,4
528,"validate","sax",54,11,1,3
528,"validate","sax",55,11,2,3
528,"validate","sax",56,11,3,2
528,"validate","sax",57,11,4,2
528,"validate","sax",58,11,5,1
528,"validate","sax",59,11,6,1
528,"validate","sax",60,11,7,2
528,"validate","sax",61,11,8,2
528,"validate","sax",62,11,9,3
528,"validate","sax",63,11,10,3
528,"validate","sax",64,11,11,3
529,"validate","sax",5,10,1,3
529,"validate","sax",6,10,2,3
529,"validate","sax",7,10,3,2
529,"validate","sax",8,10,4,2
529,"validate","sax",9,10,5,1
529,"validate","sax",10,10,6,1
529,"validate","sax",11,10,7,2
529,"validate","sax",12,10,8,2
529,"validate","sax",13,10,9,3
529,"validate","sax",14,10,10,3
530,"validate","sax",5,10,1,3
530,"validate","sax",6,10,2,3
530,"validate","sax",7,10,3,2
530,"validate","sax",8,10,4,2
530,"validate","sax",9,10,5,1
530,"validate","sax",10,10,6,1
530,"validate","sax",11,10,7,2
530,"validate","sax",12,10,8,2
530,"validate","sax",13,10,9,3
530,"validate","sax",14,10,10,3
531,"validate","sax",6,10,1,3
531,"validate","sax",7,10,2,3
531,"validate","sax",8,10,3,2
531,"validate","sax",9,10,4,2
531,"validate","sax",10,10,5,1
531,"validate","sax",11,10,6,1
531,"validate","sax",12,10,7,2
531,"validate","sax",13,10,8,2
531,"validate","sax",14,10,9,3
531,"validate","sax",15,10,10,3
532,"validate","sax",6,11,1,3
532,"validate","sax",7,11,2,3
532,"validate","sax",8,11,3,2
532,"validate","sax",9,11,4,2
532,"validate","sax",10,11,5,1
532,"validate","sax",11,11,6,1
532,"validate","sax",12,11,7,2
532,"validate","sax",13,11,8,2
532,"validate","sax",14,11,9,3
532,"validate","sax",15,11,10,3
532,"validate","sax",16,11,11,3
533,"validate","sax",20,11,1,3
533,"validate","sax",21,11,2,3
533,"validate","sax",22,11,3,2
533,"validate","sax",23,11,4,2
533,"validate","sax",24,11,5,1
533,"validate","sax",25,11,6,1
533,"validate","sax",26,11,7,2
533,"validate","sax",27,11,8,2
533,"validate","sax",36,11,9,3
533,"validate","sax",100,11,10,3
533,"validate","sax",101,11,11,3
534,"validate","sax",5,10,1,3
534,"validate","sax",6,10,2,3
534,"validate","sax",7,10,3,2
534,"validate","sax",8,10,4,2
534,"validate","sax",9,10,5,1
534,"validate","sax",10,10,6,1
534,"validate","sax",11,10,7,2
534,"validate","sax",12,10,8,2
534,"validate","sax",13,10,9,3
534,"validate","sax",14,10,10,3
535,"validate","sax",30,10,1,3
535,"validate","sax",31,10,2,3
535,"validate","sax",32,10,3,2
535,"validate","sax",33,10,4,2
535,"validate","sax",34,10,5,1
535,"validate","sax",35,10,6,1
535,"validate","sax",36,10,7,2
535,"validate","sax",37,10,8,2
535,"validate","sax",38,10,9,3
535,"validate","sax",39,10,10,3
536,"validate","sax",5,12,1,3
536,"validate","sax",6,12,2,3
536,"validate","sax",7,12,3,3
536,"validate","sax",8,12,4,2
536,"validate","sax",9,12,5,2
536,"validate","sax",10,12,6,1
536,"validate","sax",11,12,7,1
536,"validate","sax",12,12,8,2
536,"validate","sax",13,12,9,2
536,"validate","sax",14,12,10,3
536,"validate","sax",15,12,11,3
536,"validate","sax",16,12,12,3
537,"validate","sax",5,11,1,3
537,"validate","sax",6,11,2,3
537,"validate","sax",7,11,3,2
537,"validate","sax",8,11,4,2
537,"validate","sax",9,11,5,1
537,"validate","sax",10,11,6,1
537,"validate","sax",11,11,7,2
537,"validate","sax",12,11,8,2
537,"validate","sax",13,11,9,3
537,"validate","sax",14,11,10,3
537,"validate","sax",15,11,11,3
538,"validate","sax",46,10,1,3
538,"validate","sax",47,10,2,3
538,"validate","sax",48,10,3,2
538,"validate","sax",49,10,4,2
538,"validate","sax",50,10,5,1
538,"validate","sax",51,10,6,1
538,"validate","sax",52,10,7,2
538,"validate","sax",53,10,8,2
538,"validate","sax",54,10,9,3
538,"validate","sax",55,10,10,3
539,"validate","sax",9,10,1,3
539,"validate","sax",10,10,2,3
539,"validate","sax",11,10,3,2
539,"validate","sax",12,10,4,2
539,"validate","sax",13,10,5,1
539,"validate","sax",14,10,6,1
539,"validate","sax",15,10,7,2
539,"validate","sax",16,10,8,2
539,"validate","sax",17,10,9,3
539,"validate","sax",18,10,10,3
540,"validate","sax",7,10,1,3
540,"validate","sax",8,10,2,3
540,"validate","sax",9,10,3,2
540,"validate","sax",10,10,4,2
540,"validate","sax",11,10,5,1
540,"validate","sax",12,10,6,1
540,"validate","sax",13,10,7,2
540,"validate","sax",14,10,8,2
540,"validate","sax",15,10,9,3
540,"validate","sax",16,10,10,3
541,"validate","sax",5,9,1,2
541,"validate","sax",6,9,2,2
541,"validate","sax",7,9,3,2
541,"validate","sax",8,9,4,1
541,"validate","sax",9,9,5,1
541,"validate","sax",10,9,6,2
541,"validate","sax",11,9,7,2
541,"validate","sax",12,9,8,3
541,"validate","sax",13,9,9,3
542,"validate","sax",11,11,1,3
542,"validate","sax",12,11,2,3
542,"validate","sax",13,11,3,2
542,"validate","sax",14,11,4,2
542,"validate","sax",15,11,5,1
542,"validate","sax",16,11,6,1
542,"validate","sax",17,11,7,2
542,"validate","sax",18,11,8,2
542,"validate","sax",19,11,9,3
542,"validate","sax",20,11,10,3
542,"validate","sax",21,11,11,3
543,"validate","sax",5,10,1,3
543,"validate","sax",6,10,2,3
543,"validate","sax",7,10,3,2
543,"validate","sax",8,10,4,2
543,"validate","sax",9,10,5,1
543,"validate","sax",10,10,6,1
543,"validate","sax",11,10,7,2
543,"validate","sax",12,10,8,2
543,"validate","sax",13,10,9,3
543,"validate","sax",14,10,10,3
544,"validate","sax",5,11,1,3
544,"validate","sax",6,11,2,3
544,"validate","sax",7,11,3,2
544,"validate","sax",8,11,4,2
544,"validate","sax",9,11,5,1
544,"validate","sax",10,11,6,1
544,"validate","sax",11,11,7,2
544,"validate","sax",12,11,8,2
544,"validate","sax",13,11,9,3
544,"validate","sax",14,11,10,3
544,"validate","sax",15,11,11,3
545,"validate","sax",62,8,1,2
545,"validate","sax",63,8,2,2
545,"validate","sax",64,8,3,2
545,"validate","sax",65,8,4,1
545,"validate","sax",66,8,5,1
545,"validate","sax",67,8,6,2
545,"validate","sax",68,8,7,2
545,"validate","sax",69,8,8,2
546,"validate","sax",9,16,1,4
546,"validate","sax",10,16,2,4
546,"validate","sax",11,16,3,4
546,"validate","sax",14,16,4,3
546,"validate","sax",15,16,5,3
546,"validate","sax",16,16,6,2
546,"validate","sax",17,16,7,2
546,"validate","sax",18,16,8,1
546,"validate","sax",19,16,9,1
546,"validate","sax",20,16,10,2
546,"validate","sax",21,16,11,2
546,"validate","sax",41,16,12,3
546,"validate","sax",42,16,13,3
546,"validate","sax",43,16,14,4
546,"validate","sax",44,16,15,4
546,"validate","sax",45,16,16,4
547,"validate","sax",5,11,1,3
547,"validate","sax",6,11,2,3
547,"validate","sax",7,11,3,2
547,"validate","sax",8,11,4,2
547,"validate","sax",9,11,5,1
547,"validate","sax",10,11,6,1
547,"validate","sax",11,11,7,2
547,"validate","sax",12,11,8,2
547,"validate","sax",13,11,9,3
547,"validate","sax",14,11,10,3
547,"validate","sax",15,11,11,3
548,"validate","sax",16,11,1,3
548,"validate","sax",17,11,2,3
548,"validate","sax",18,11,3,2
548,"validate","sax",19,11,4,2
548,"validate","sax",20,11,5,1
548,"validate","sax",21,11,6,1
548,"validate","sax",25,11,7,2
548,"validate","sax",26,11,8,2
548,"validate","sax",27,11,9,3
548,"validate","sax",28,11,10,3
548,"validate","sax",29,11,11,3
549,"validate","sax",5,11,1,3
549,"validate","sax",6,11,2,3
549,"validate","sax",7,11,3,2
549,"validate","sax",8,11,4,2
549,"validate","sax",9,11,5,1
549,"validate","sax",10,11,6,1
549,"validate","sax",11,11,7,2
549,"validate","sax",12,11,8,2
549,"validate","sax",13,11,9,3
549,"validate","sax",14,11,10,3
549,"validate","sax",15,11,11,3
550,"validate","sax",8,12,1,3
550,"validate","sax",9,12,2,3
550,"validate","sax",10,12,3,3
550,"validate","sax",11,12,4,2
550,"validate","sax",12,12,5,2
550,"validate","sax",13,12,6,1
550,"validate","sax",14,12,7,1
550,"validate","sax",15,12,8,2
550,"validate","sax",16,12,9,2
550,"validate","sax",17,12,10,3
550,"validate","sax",18,12,11,3
550,"validate","sax",67,12,12,3
551,"validate","sax",8,10,1,3
551,"validate","sax",9,10,2,3
551,"validate","sax",10,10,3,2
551,"validate","sax",11,10,4,2
551,"validate","sax",12,10,5,1
551,"validate","sax",13,10,6,1
551,"validate","sax",14,10,7,2
551,"validate","sax",15,10,8,2
551,"validate","sax",16,10,9,3
551,"validate","sax",17,10,10,3
552,"validate","sax",41,10,1,3
552,"validate","sax",42,10,2,3
552,"validate","sax",43,10,3,2
552,"validate","sax",44,10,4,2
552,"validate","sax",45,10,5,1
552,"validate","sax",46,10,6,1
552,"validate","sax",47,10,7,2
552,"validate","sax",48,10,8,2
552,"validate","sax",49,10,9,3
552,"validate","sax",50,10,10,3
553,"validate","sax",48,9,1,2
553,"validate","sax",49,9,2,2
553,"validate","sax",50,9,3,2
553,"validate","sax",51,9,4,1
553,"validate","sax",52,9,5,1
553,"validate","sax",53,9,6,2
553,"validate","sax",54,9,7,2
553,"validate","sax",55,9,8,3
553,"validate","sax",56,9,9,3
554,"validate","sax",5,10,1,3
554,"validate","sax",6,10,2,3
554,"validate","sax",7,10,3,2
554,"validate","sax",8,10,4,2
554,"validate","sax",9,10,5,1
554,"validate","sax",10,10,6,1
554,"validate","sax",11,10,7,2
554,"validate","sax",12,10,8,2
554,"validate","sax",13,10,9,3
554,"validate","sax",14,10,10,3
555,"validate","sax",5,11,1,3
555,"validate","sax",6,11,2,3
555,"validate","sax",7,11,3,2
555,"validate","sax",8,11,4,2
555,"validate","sax",9,11,5,1
555,"validate","sax",10,11,6,1
555,"validate","sax",11,11,7,2
555,"validate","sax",12,11,8,2
555,"validate","sax",13,11,9,3
555,"validate","sax",14,11,10,3
555,"validate","sax",15,11,11,3
556,"validate","sax",5,9,1,2
556,"validate","sax",6,9,2,2
556,"validate","sax",7,9,3,2
556,"validate","sax",8,9,4,1
556,"validate","sax",9,9,5,1
556,"validate","sax",10,9,6,2
556,"validate","sax",11,9,7,2
556,"validate","sax",12,9,8,3
556,"validate","sax",13,9,9,3
557,"validate","sax",5,12,1,3
557,"validate","sax",6,12,2,3
557,"validate","sax",7,12,3,3
557,"validate","sax",8,12,4,2
557,"validate","sax",9,12,5,2
557,"validate","sax",10,12,6,1
557,"validate","sax",11,12,7,1
557,"validate","sax",12,12,8,2
557,"validate","sax",13,12,9,2
557,"validate","sax",14,12,10,3
557,"validate","sax",15,12,11,3
557,"validate","sax",16,12,12,3
558,"validate","sax",6,10,1,3
558,"validate","sax",7,10,2,3
558,"validate","sax",8,10,3,2
558,"validate","sax",9,10,4,2
558,"validate","sax",10,10,5,1
558,"validate","sax",11,10,6,1
558,"validate","sax",12,10,7,2
558,"validate","sax",13,10,8,2
558,"validate","sax",14,10,9,3
558,"validate","sax",15,10,10,3
559,"validate","sax",5,10,1,3
559,"validate","sax",6,10,2,3
559,"validate","sax",7,10,3,2
559,"validate","sax",8,10,4,2
559,"validate","sax",9,10,5,1
559,"validate","sax",10,10,6,1
559,"validate","sax",11,10,7,2
559,"validate","sax",12,10,8,2
559,"validate","sax",13,10,9,3
559,"validate","sax",14,10,10,3
560,"validate","sax",5,10,1,3
560,"validate","sax",6,10,2,3
560,"validate","sax",7,10,3,2
560,"validate","sax",8,10,4,2
560,"validate","sax",9,10,5,1
560,"validate","sax",10,10,6,1
560,"validate","sax",11,10,7,2
560,"validate","sax",12,10,8,2
560,"validate","sax",13,10,9,3
560,"validate","sax",14,10,10,3
561,"validate","sax",10,14,1,4
561,"validate","sax",11,14,2,4
561,"validate","sax",12,14,3,3
561,"validate","sax",13,14,4,3
561,"validate","sax",14,14,5,2
561,"validate","sax",15,14,6,2
561,"validate","sax",16,14,7,1
561,"validate","sax",17,14,8,1
561,"validate","sax",18,14,9,2
561,"validate","sax",36,14,10,2
561,"validate","sax",37,14,11,3
561,"validate","sax",38,14,12,3
561,"validate","sax",39,14,13,4
561,"validate","sax",41,14,14,4
562,"validate","sax",6,11,1,3
562,"validate","sax",7,11,2,3
562,"validate","sax",8,11,3,2
562,"validate","sax",9,11,4,2
562,"validate","sax",10,11,5,1
562,"validate","sax",11,11,6,1
562,"validate","sax",12,11,7,2
562,"validate","sax",13,11,8,2
562,"validate","sax",14,11,9,3
562,"validate","sax",15,11,10,3
562,"validate","sax",16,11,11,3
563,"validate","sax",79,9,1,2
563,"validate","sax",80,9,2,2
563,"validate","sax",81,9,3,2
563,"validate","sax",82,9,4,1
563,"validate","sax",83,9,5,1
563,"validate","sax",84,9,6,2
563,"validate","sax",85,9,7,2
563,"validate","sax",86,9,8,3
563,"validate","sax",87,9,9,3
564,"validate","sax",9,11,1,3
564,"validate","sax",10,11,2,3
564,"validate","sax",11,11,3,2
564,"validate","sax",12,11,4,2
564,"validate","sax",13,11,5,1
564,"validate","sax",14,11,6,1
564,"validate","sax",15,11,7,2
564,"validate","sax",16,11,8,2
564,"validate","sax",17,11,9,3
564,"validate","sax",18,11,10,3
564,"validate","sax",19,11,11,3
565,"validate","sax",46,10,1,3
565,"validate","sax",47,10,2,3
565,"validate","sax",48,10,3,2
565,"validate","sax",49,10,4,2
565,"validate","sax",50,10,5,1
565,"validate","sax",51,10,6,1
565,"validate","sax",52,10,7,2
565,"validate","sax",53,10,8,2
565,"validate","sax",54,10,9,3
565,"validate","sax",57,10,10,3
566,"validate","sax",9,14,1,4
566,"validate","sax",10,14,2,4
566,"validate","sax",11,14,3,3
566,"validate","sax",12,14,4,3
566,"validate","sax",13,14,5,2
566,"validate","sax",14,14,6,2
566,"validate","sax",15,14,7,1
566,"validate","sax",16,14,8,1
566,"validate","sax",17,14,9,2
566,"validate","sax",18,14,10,2
566,"validate","sax",19,14,11,3
566,"validate","sax",20,14,12,3
566,"validate","sax",21,14,13,4
566,"validate","sax",22,14,14,4
567,"validate","sax",12,9,1,2
567,"validate","sax",13,9,2,2
567,"validate","sax",14,9,3,2
567,"validate","sax",15,9,4,1
567,"validate","sax",16,9,5,1
567,"validate","sax",17,9,6,2
567,"validate","sax",18,9,7,2
567,"validate","sax",19,9,8,3
567,"validate","sax",20,9,9,3
568,"validate","sax",11,17,1,4
568,"validate","sax",12,17,2,4
568,"validate","sax",13,17,3,4
568,"validate","sax",14,17,4,3
568,"validate","sax",15,17,5,3
568,"validate","sax",16,17,6,2
568,"validate","sax",17,17,7,2
568,"validate","sax",18,17,8,1
568,"validate","sax",19,17,9,1
568,"validate","sax",21,17,10,2
568,"validate","sax",22,17,11,2
568,"validate","sax",23,17,12,3
568,"validate","sax",24,17,13,3
568,"validate","sax",26,17,14,4
568,"validate","sax",27,17,15,4
568,"validate","sax",39,17,16,5
568,"validate","sax",40,17,17,5
569,"validate","sax",42,11,1,3
569,"validate","sax",43,11,2,3
569,"validate","sax",44,11,3,2
569,"validate","sax",45,11,4,2
569,"validate","sax",46,11,5,1
569,"validate","sax",47,11,6,1
569,"validate","sax",48,11,7,2
569,"validate","sax",49,11,8,2
569,"validate","sax",50,11,9,3
569,"validate","sax",51,11,10,3
569,"validate","sax",52,11,11,3
570,"validate","sax",46,11,1,3
570,"validate","sax",47,11,2,3
570,"validate","sax",48,11,3,2
570,"validate","sax",49,11,4,2
570,"validate","sax",50,11,5,1
570,"validate","sax",51,11,6,1
570,"validate","sax",52,11,7,2
570,"validate","sax",53,11,8,2
570,"validate","sax",54,11,9,3
570,"validate","sax",55,11,10,3
570,"validate","sax",56,11,11,3
571,"validate","sax",9,9,1,2
571,"validate","sax",10,9,2,2
571,"validate","sax",11,9,3,2
571,"validate","sax",12,9,4,1
571,"validate","sax",13,9,5,1
571,"validate","sax",14,9,6,2
571,"validate","sax",15,9,7,2
571,"validate","sax",16,9,8,3
571,"validate","sax",17,9,9,3
572,"validate","sax",9,11,1,3
572,"validate","sax",10,11,2,3
572,"validate","sax",11,11,3,2
572,"validate","sax",12,11,4,2
572,"validate","sax",13,11,5,1
572,"validate","sax",15,11,6,1
572,"validate","sax",16,11,7,2
572,"validate","sax",17,11,8,2
572,"validate","sax",18,11,9,3
572,"validate","sax",19,11,10,3
572,"validate","sax",20,11,11,3
573,"validate","sax",11,11,1,3
573,"validate","sax",12,11,2,3
573,"validate","sax",13,11,3,2
573,"validate","sax",14,11,4,2
573,"validate","sax",15,11,5,1
573,"validate","sax",16,11,6,1
573,"validate","sax",17,11,7,2
573,"validate","sax",18,11,8,2
573,"validate","sax",19,11,9,3
573,"validate","sax",20,11,10,3
573,"validate","sax",21,11,11,3
574,"validate","sax",9,11,1,3
574,"validate","sax",10,11,2,3
574,"validate","sax",11,11,3,2
574,"validate","sax",12,11,4,2
574,"validate","sax",13,11,5,1
574,"validate","sax",14,11,6,1
574,"validate","sax",15,11,7,2
574,"validate","sax",16,11,8,2
574,"validate","sax",17,11,9,3
574,"validate","sax",18,11,10,3
574,"validate","sax",19,11,11,3
575,"validate","sax",14,11,1,3
575,"validate","sax",15,11,2,3
575,"validate","sax",16,11,3,2
575,"validate","sax",17,11,4,2
575,"validate","sax",18,11,5,1
575,"validate","sax",19,11,6,1
575,"validate","sax",20,11,7,2
575,"validate","sax",21,11,8,2
575,"validate","sax",22,11,9,3
575,"validate","sax",23,11,10,3
575,"validate","sax",24,11,11,3
576,"validate","sax",5,10,1,3
576,"validate","sax",6,10,2,3
576,"validate","sax",7,10,3,2
576,"validate","sax",8,10,4,2
576,"validate","sax",9,10,5,1
576,"validate","sax",10,10,6,1
576,"validate","sax",11,10,7,2
576,"validate","sax",12,10,8,2
576,"validate","sax",13,10,9,3
576,"validate","sax",14,10,10,3
577,"validate","sax",5,10,1,3
577,"validate","sax",6,10,2,3
577,"validate","sax",7,10,3,2
577,"validate","sax",8,10,4,2
577,"validate","sax",9,10,5,1
577,"validate","sax",10,10,6,1
577,"validate","sax",11,10,7,2
577,"validate","sax",12,10,8,2
577,"validate","sax",13,10,9,3
577,"validate","sax",14,10,10,3
578,"validate","sax",5,14,1,4
578,"validate","sax",6,14,2,4
578,"validate","sax",7,14,3,3
578,"validate","sax",8,14,4,3
578,"validate","sax",9,14,5,2
578,"validate","sax",13,14,6,2
578,"validate","sax",14,14,7,1
578,"validate","sax",15,14,8,1
578,"validate","sax",16,14,9,2
578,"validate","sax",17,14,10,2
578,"validate","sax",18,14,11,3
578,"validate","sax",19,14,12,3
578,"validate","sax",20,14,13,4
578,"validate","sax",21,14,14,4
579,"validate","sax",5,13,1,3
579,"validate","sax",6,13,2,3
579,"validate","sax",7,13,3,3
579,"validate","sax",8,13,4,2
579,"validate","sax",9,13,5,2
579,"validate","sax",10,13,6,1
579,"validate","sax",11,13,7,1
579,"validate","sax",12,13,8,2
579,"validate","sax",13,13,9,2
579,"validate","sax",14,13,10,3
579,"validate","sax",15,13,11,3
579,"validate","sax",16,13,12,4
579,"validate","sax",23,13,13,4
580,"validate","sax",5,9,1,2
580,"validate","sax",6,9,2,2
580,"validate","sax",7,9,3,2
580,"validate","sax",8,9,4,1
580,"validate","sax",9,9,5,1
580,"validate","sax",10,9,6,2
580,"validate","sax",11,9,7,2
580,"validate","sax",12,9,8,3
580,"validate","sax",13,9,9,3
581,"validate","sax",11,11,1,3
581,"validate","sax",12,11,2,3
581,"validate","sax",13,11,3,2
581,"validate","sax",14,11,4,2
581,"validate","sax",15,11,5,1
581,"validate","sax",16,11,6,1
581,"validate","sax",17,11,7,2
581,"validate","sax",18,11,8,2
581,"validate","sax",19,11,9,3
581,"validate","sax",20,11,10,3
581,"validate","sax",21,11,11,3
582,"validate","sax",39,11,1,3
582,"validate","sax",40,11,2,3
582,"validate","sax",41,11,3,2
582,"validate","sax",42,11,4,2
582,"validate","sax",43,11,5,1
582,"validate","sax",44,11,6,1
582,"validate","sax",45,11,7,2
582,"validate","sax",46,11,8,2
582,"validate","sax",47,11,9,3
582,"validate","sax",48,11,10,3
582,"validate","sax",49,11,11,3
583,"validate","sax",147,11,1,3
583,"validate","sax",148,11,2,3
583,"validate","sax",149,11,3,2
583,"validate","sax",150,11,4,2
583,"validate","sax",151,11,5,1
583,"validate","sax",152,11,6,1
583,"validate","sax",153,11,7,2
583,"validate","sax",154,11,8,2
583,"validate","sax",155,11,9,3
583,"validate","sax",156,11,10,3
583,"validate","sax",157,11,11,3
584,"validate","sax",5,10,1,3
584,"validate","sax",6,10,2,3
584,"validate","sax",7,10,3,2
584,"validate","sax",8,10,4,2
584,"validate","sax",9,10,5,1
584,"validate","sax",10,10,6,1
584,"validate","sax",11,10,7,2
584,"validate","sax",12,10,8,2
584,"validate","sax",13,10,9,3
584,"validate","sax",14,10,10,3
585,"validate","sax",5,11,1,3
585,"validate","sax",6,11,2,3
585,"validate","sax",7,11,3,2
585,"validate","sax",8,11,4,2
585,"validate","sax",9,11,5,1
585,"validate","sax",10,11,6,1
585,"validate","sax",11,11,7,2
585,"validate","sax",12,11,8,2
585,"validate","sax",13,11,9,3
585,"validate","sax",14,11,10,3
585,"validate","sax",15,11,11,3
586,"validate","sax",6,9,1,2
586,"validate","sax",7,9,2,2
586,"validate","sax",8,9,3,2
586,"validate","sax",9,9,4,1
586,"validate","sax",10,9,5,1
586,"validate","sax",11,9,6,2
586,"validate","sax",12,9,7,2
586,"validate","sax",13,9,8,3
586,"validate","sax",14,9,9,3
587,"validate","sax",5,10,1,3
587,"validate","sax",6,10,2,3
587,"validate","sax",7,10,3,2
587,"validate","sax",8,10,4,2
587,"validate","sax",9,10,5,1
587,"validate","sax",10,10,6,1
587,"validate","sax",11,10,7,2
587,"validate","sax",12,10,8,2
587,"validate","sax",13,10,9,3
587,"validate","sax",14,10,10,3
588,"validate","sax",10,11,1,3
588,"validate","sax",11,11,2,3
588,"validate","sax",12,11,3,2
588,"validate","sax",13,11,4,2
588,"validate","sax",14,11,5,1
588,"validate","sax",15,11,6,1
588,"validate","sax",16,11,7,2
588,"validate","sax",17,11,8,2
588,"validate","sax",18,11,9,3
588,"validate","sax",19,11,10,3
588,"validate","sax",20,11,11,3
589,"validate","sax",46,9,1,2
589,"validate","sax",47,9,2,2
589,"validate","sax",48,9,3,2
589,"validate","sax",49,9,4,1
589,"validate","sax",50,9,5,1
589,"validate","sax",51,9,6,2
589,"validate","sax",52,9,7,2
589,"validate","sax",53,9,8,3
589,"validate","sax",54,9,9,3
590,"validate","sax",10,11,1,3
590,"validate","sax",11,11,2,3
590,"validate","sax",12,11,3,2
590,"validate","sax",13,11,4,2
590,"validate","sax",14,11,5,1
590,"validate","sax",15,11,6,1
590,"validate","sax",16,11,7,2
590,"validate","sax",17,11,8,2
590,"validate","sax",18,11,9,3
590,"validate","sax",19,11,10,3
590,"validate","sax",20,11,11,3
591,"validate","sax",8,11,1,3
591,"validate","sax",9,11,2,3
591,"validate","sax",10,11,3,2
591,"validate","sax",11,11,4,2
591,"validate","sax",12,11,5,1
591,"validate","sax",15,11,6,1
591,"validate","sax",16,11,7,2
591,"validate","sax",17,11,8,2
591,"validate","sax",18,11,9,3
591,"validate","sax",19,11,10,3
591,"validate","sax",20,11,11,3
592,"validate","sax",9,11,1,3
592,"validate","sax",10,11,2,3
592,"validate","sax",11,11,3,2
592,"validate","sax",12,11,4,2
592,"validate","sax",13,11,5,1
592,"validate","sax",14,11,6,1
592,"validate","sax",15,11,7,2
592,"validate","sax",16,11,8,2
592,"validate","sax",17,11,9,3
592,"validate","sax",18,11,10,3
592,"validate","sax",19,11,11,3
593,"validate","sax",9,13,1,3
593,"validate","sax",10,13,2,3
593,"validate","sax",11,13,3,3
593,"validate","sax",12,13,4,2
593,"validate","sax",13,13,5,2
593,"validate","sax",14,13,6,1
593,"validate","sax",15,13,7,1
593,"validate","sax",16,13,8,2
593,"validate","sax",17,13,9,2
593,"validate","sax",18,13,10,3
593,"validate","sax",19,13,11,3
593,"validate","sax",20,13,12,4
593,"validate","sax",21,13,13,4
594,"validate","sax",5,12,1,3
594,"validate","sax",6,12,2,3
594,"validate","sax",7,12,3,3
594,"validate","sax",8,12,4,2
594,"validate","sax",9,12,5,2
594,"validate","sax",10,12,6,1
594,"validate","sax",11,12,7,1
594,"validate","sax",12,12,8,2
594,"validate","sax",13,12,9,2
594,"validate","sax",14,12,10,3
594,"validate","sax",15,12,11,3
594,"validate","sax",16,12,12,3
595,"validate","sax",10,3,1,1
595,"validate","sax",11,3,2,1
595,"validate","sax",12,3,3,1
596,"validate","sax",5,11,1,3
596,"validate","sax",6,11,2,3
596,"validate","sax",7,11,3,2
596,"validate","sax",8,11,4,2
596,"validate","sax",9,11,5,1
596,"validate","sax",10,11,6,1
596,"validate","sax",11,11,7,2
596,"validate","sax",12,11,8,2
596,"validate","sax",13,11,9,3
596,"validate","sax",14,11,10,3
596,"validate","sax",15,11,11,3
597,"validate","sax",7,1,1,1
598,"validate","sax",6,11,1,3
598,"validate","sax",7,11,2,3
598,"validate","sax",8,11,3,2
598,"validate","sax",9,11,4,2
598,"validate","sax",10,11,5,1
598,"validate","sax",11,11,6,1
598,"validate","sax",12,11,7,2
598,"validate","sax",13,11,8,2
598,"validate","sax",14,11,9,3
598,"validate","sax",15,11,10,3
598,"validate","sax",16,11,11,3
599,"validate","sax",7,3,1,1
599,"validate","sax",8,3,2,1
599,"validate","sax",9,3,3,1
600,"validate","sax",9,11,1,3
600,"validate","sax",10,11,2,3
600,"validate","sax",11,11,3,2
600,"validate","sax",12,11,4,2
600,"validate","sax",13,11,5,1
600,"validate","sax",14,11,6,1
600,"validate","sax",15,11,7,2
600,"validate","sax",16,11,8,2
600,"validate","sax",17,11,9,3
600,"validate","sax",18,11,10,3
600,"validate","sax",19,11,11,3
601,"validate","sax",5,10,1,3
601,"validate","sax",6,10,2,3
601,"validate","sax",7,10,3,2
601,"validate","sax",8,10,4,2
601,"validate","sax",9,10,5,1
601,"validate","sax",10,10,6,1
601,"validate","sax",11,10,7,2
601,"validate","sax",12,10,8,2
601,"validate","sax",13,10,9,3
601,"validate","sax",14,10,10,3
602,"validate","sax",6,10,1,3
602,"validate","sax",7,10,2,3
602,"validate","sax",8,10,3,2
602,"validate","sax",9,10,4,2
602,"validate","sax",10,10,5,1
602,"validate","sax",11,10,6,1
602,"validate","sax",12,10,7,2
602,"validate","sax",13,10,8,2
602,"validate","sax",14,10,9,3
602,"validate","sax",17,10,10,3
603,"validate","sax",10,14,1,4
603,"validate","sax",11,14,2,4
603,"validate","sax",12,14,3,3
603,"validate","sax",13,14,4,3
603,"validate","sax",14,14,5,2
603,"validate","sax",15,14,6,2
603,"validate","sax",16,14,7,1
603,"validate","sax",17,14,8,1
603,"validate","sax",18,14,9,2
603,"validate","sax",19,14,10,2
603,"validate","sax",20,14,11,3
603,"validate","sax",21,14,12,3
603,"validate","sax",22,14,13,4
603,"validate","sax",23,14,14,4
604,"validate","sax",5,8,1,2
604,"validate","sax",6,8,2,2
604,"validate","sax",7,8,3,2
604,"validate","sax",8,8,4,1
604,"validate","sax",9,8,5,1
604,"validate","sax",10,8,6,2
604,"validate","sax",12,8,7,2
604,"validate","sax",13,8,8,2
605,"validate","sax",5,10,1,3
605,"validate","sax",6,10,2,3
605,"validate","sax",7,10,3,2
605,"validate","sax",8,10,4,2
605,"validate","sax",9,10,5,1
605,"validate","sax",10,10,6,1
605,"validate","sax",11,10,7,2
605,"validate","sax",12,10,8,2
605,"validate","sax",13,10,9,3
605,"validate","sax",14,10,10,3
606,"validate","sax",6,10,1,3
606,"validate","sax",7,10,2,3
606,"validate","sax",8,10,3,2
606,"validate","sax",9,10,4,2
606,"validate","sax",10,10,5,1
606,"validate","sax",11,10,6,1
606,"validate","sax",12,10,7,2
606,"validate","sax",13,10,8,2
606,"validate","sax",14,10,9,3
606,"validate","sax",15,10,10,3
607,"validate","sax",6,12,1,3
607,"validate","sax",7,12,2,3
607,"validate","sax",8,12,3,3
607,"validate","sax",9,12,4,2
607,"validate","sax",10,12,5,2
607,"validate","sax",11,12,6,1
607,"validate","sax",12,12,7,1
607,"validate","sax",13,12,8,2
607,"validate","sax",14,12,9,2
607,"validate","sax",15,12,10,3
607,"validate","sax",16,12,11,3
607,"validate","sax",17,12,12,3
608,"validate","sax",5,10,1,3
608,"validate","sax",6,10,2,3
608,"validate","sax",7,10,3,2
608,"validate","sax",8,10,4,2
608,"validate","sax",9,10,5,1
608,"validate","sax",10,10,6,1
608,"validate","sax",11,10,7,2
608,"validate","sax",12,10,8,2
608,"validate","sax",13,10,9,3
608,"validate","sax",14,10,10,3
609,"validate","sax",5,10,1,3
609,"validate","sax",6,10,2,3
609,"validate","sax",7,10,3,2
609,"validate","sax",8,10,4,2
609,"validate","sax",9,10,5,1
609,"validate","sax",10,10,6,1
609,"validate","sax",11,10,7,2
609,"validate","sax",12,10,8,2
609,"validate","sax",13,10,9,3
609,"validate","sax",14,10,10,3
610,"validate","sax",5,11,1,3
610,"validate","sax",6,11,2,3
610,"validate","sax",7,11,3,2
610,"validate","sax",8,11,4,2
610,"validate","sax",9,11,5,1
610,"validate","sax",10,11,6,1
610,"validate","sax",11,11,7,2
610,"validate","sax",12,11,8,2
610,"validate","sax",13,11,9,3
610,"validate","sax",14,11,10,3
610,"validate","sax",18,11,11,3
611,"validate","sax",5,11,1,3
611,"validate","sax",6,11,2,3
611,"validate","sax",7,11,3,2
611,"validate","sax",8,11,4,2
611,"validate","sax",9,11,5,1
611,"validate","sax",10,11,6,1
611,"validate","sax",11,11,7,2
611,"validate","sax",65,11,8,2
611,"validate","sax",66,11,9,3
611,"validate","sax",67,11,10,3
611,"validate","sax",68,11,11,3
612,"validate","sax",10,9,1,2
612,"validate","sax",11,9,2,2
612,"validate","sax",12,9,3,2
612,"validate","sax",13,9,4,1
612,"validate","sax",14,9,5,1
612,"validate","sax",15,9,6,2
612,"validate","sax",16,9,7,2
612,"validate","sax",17,9,8,3
612,"validate","sax",18,9,9,3
613,"validate","sax",17,11,1,3
613,"validate","sax",18,11,2,3
613,"validate","sax",19,11,3,2
613,"validate","sax",20,11,4,2
613,"validate","sax",21,11,5,1
613,"validate","sax",22,11,6,1
613,"validate","sax",23,11,7,2
613,"validate","sax",24,11,8,2
613,"validate","sax",25,11,9,3
613,"validate","sax",26,11,10,3
613,"validate","sax",27,11,11,3
614,"validate","sax",9,13,1,3
614,"validate","sax",10,13,2,3
614,"validate","sax",11,13,3,3
614,"validate","sax",12,13,4,2
614,"validate","sax",13,13,5,2
614,"validate","sax",14,13,6,1
614,"validate","sax",15,13,7,1
614,"validate","sax",16,13,8,2
614,"validate","sax",17,13,9,2
614,"validate","sax",18,13,10,3
614,"validate","sax",19,13,11,3
614,"validate","sax",20,13,12,4
614,"validate","sax",21,13,13,4
615,"validate","sax",5,9,1,2
615,"validate","sax",6,9,2,2
615,"validate","sax",7,9,3,2
615,"validate","sax",8,9,4,1
615,"validate","sax",9,9,5,1
615,"validate","sax",10,9,6,2
615,"validate","sax",11,9,7,2
615,"validate","sax",12,9,8,3
615,"validate","sax",13,9,9,3
616,"validate","sax",5,10,1,3
616,"validate","sax",6,10,2,3
616,"validate","sax",7,10,3,2
616,"validate","sax",8,10,4,2
616,"validate","sax",9,10,5,1
616,"validate","sax",10,10,6,1
616,"validate","sax",11,10,7,2
616,"validate","sax",12,10,8,2
616,"validate","sax",13,10,9,3
616,"validate","sax",14,10,10,3
617,"validate","sax",45,11,1,3
617,"validate","sax",46,11,2,3
617,"validate","sax",47,11,3,2
617,"validate","sax",48,11,4,2
617,"validate","sax",49,11,5,1
617,"validate","sax",50,11,6,1
617,"validate","sax",51,11,7,2
617,"validate","sax",52,11,8,2
617,"validate","sax",53,11,9,3
617,"validate","sax",54,11,10,3
617,"validate","sax",55,11,11,3
618,"validate","sax",6,11,1,3
618,"validate","sax",7,11,2,3
618,"validate","sax",8,11,3,2
618,"validate","sax",9,11,4,2
618,"validate","sax",10,11,5,1
618,"validate","sax",11,11,6,1
618,"validate","sax",12,11,7,2
618,"validate","sax",13,11,8,2
618,"validate","sax",14,11,9,3
618,"validate","sax",15,11,10,3
618,"validate","sax",16,11,11,3
619,"validate","sax",6,12,1,3
619,"validate","sax",7,12,2,3
619,"validate","sax",8,12,3,3
619,"validate","sax",9,12,4,2
619,"validate","sax",10,12,5,2
619,"validate","sax",11,12,6,1
619,"validate","sax",12,12,7,1
619,"validate","sax",13,12,8,2
619,"validate","sax",14,12,9,2
619,"validate","sax",15,12,10,3
619,"validate","sax",16,12,11,3
619,"validate","sax",21,12,12,3
620,"validate","sax",6,11,1,3
620,"validate","sax",7,11,2,3
620,"validate","sax",8,11,3,2
620,"validate","sax",9,11,4,2
620,"validate","sax",10,11,5,1
620,"validate","sax",11,11,6,1
620,"validate","sax",12,11,7,2
620,"validate","sax",13,11,8,2
620,"validate","sax",14,11,9,3
620,"validate","sax",16,11,10,3
620,"validate","sax",17,11,11,3
621,"validate","sax",41,9,1,2
621,"validate","sax",42,9,2,2
621,"validate","sax",43,9,3,2
621,"validate","sax",44,9,4,1
621,"validate","sax",45,9,5,1
621,"validate","sax",46,9,6,2
621,"validate","sax",47,9,7,2
621,"validate","sax",48,9,8,3
621,"validate","sax",49,9,9,3
622,"validate","sax",12,12,1,3
622,"validate","sax",13,12,2,3
622,"validate","sax",14,12,3,3
622,"validate","sax",15,12,4,2
622,"validate","sax",16,12,5,2
622,"validate","sax",17,12,6,1
622,"validate","sax",18,12,7,1
622,"validate","sax",19,12,8,2
622,"validate","sax",20,12,9,2
622,"validate","sax",21,12,10,3
622,"validate","sax",22,12,11,3
622,"validate","sax",40,12,12,3
623,"validate","sax",56,9,1,2
623,"validate","sax",57,9,2,2
623,"validate","sax",58,9,3,2
623,"validate","sax",59,9,4,1
623,"validate","sax",60,9,5,1
623,"validate","sax",61,9,6,2
623,"validate","sax",62,9,7,2
623,"validate","sax",63,9,8,3
623,"validate","sax",64,9,9,3
624,"validate","sax",6,10,1,3
624,"validate","sax",7,10,2,3
624,"validate","sax",8,10,3,2
624,"validate","sax",9,10,4,2
624,"validate","sax",10,10,5,1
624,"validate","sax",11,10,6,1
624,"validate","sax",12,10,7,2
624,"validate","sax",13,10,8,2
624,"validate","sax",14,10,9,3
624,"validate","sax",15,10,10,3
625,"validate","sax",5,11,1,3
625,"validate","sax",6,11,2,3
625,"validate","sax",7,11,3,2
625,"validate","sax",8,11,4,2
625,"validate","sax",9,11,5,1
625,"validate","sax",10,11,6,1
625,"validate","sax",11,11,7,2
625,"validate","sax",12,11,8,2
625,"validate","sax",13,11,9,3
625,"validate","sax",14,11,10,3
625,"validate","sax",15,11,11,3
626,"validate","sax",37,9,1,2
626,"validate","sax",38,9,2,2
626,"validate","sax",39,9,3,2
626,"validate","sax",40,9,4,1
626,"validate","sax",41,9,5,1
626,"validate","sax",42,9,6,2
626,"validate","sax",43,9,7,2
626,"validate","sax",44,9,8,3
626,"validate","sax",45,9,9,3
627,"validate","sax",6,10,1,3
627,"validate","sax",7,10,2,3
627,"validate","sax",8,10,3,2
627,"validate","sax",9,10,4,2
627,"validate","sax",10,10,5,1
627,"validate","sax",11,10,6,1
627,"validate","sax",12,10,7,2
627,"validate","sax",13,10,8,2
627,"validate","sax",14,10,9,3
627,"validate","sax",15,10,10,3
628,"validate","sax",21,14,1,4
628,"validate","sax",22,14,2,4
628,"validate","sax",23,14,3,3
628,"validate","sax",24,14,4,3
628,"validate","sax",25,14,5,2
628,"validate","sax",26,14,6,2
628,"validate","sax",27,14,7,1
628,"validate","sax",28,14,8,1
628,"validate","sax",29,14,9,2
628,"validate","sax",30,14,10,2
628,"validate","sax",31,14,11,3
628,"validate","sax",32,14,12,3
628,"validate","sax",33,14,13,4
628,"validate","sax",34,14,14,4
629,"validate","sax",18,14,1,4
629,"validate","sax",19,14,2,4
629,"validate","sax",20,14,3,3
629,"validate","sax",21,14,4,3
629,"validate","sax",22,14,5,2
629,"validate","sax",23,14,6,2
629,"validate","sax",24,14,7,1
629,"validate","sax",25,14,8,1
629,"validate","sax",26,14,9,2
629,"validate","sax",27,14,10,2
629,"validate","sax",28,14,11,3
629,"validate","sax",29,14,12,3
629,"validate","sax",30,14,13,4
629,"validate","sax",31,14,14,4
630,"validate","sax",5,12,1,3
630,"validate","sax",6,12,2,3
630,"validate","sax",7,12,3,3
630,"validate","sax",8,12,4,2
630,"validate","sax",9,12,5,2
630,"validate","sax",10,12,6,1
630,"validate","sax",11,12,7,1
630,"validate","sax",12,12,8,2
630,"validate","sax",13,12,9,2
630,"validate","sax",14,12,10,3
630,"validate","sax",15,12,11,3
630,"validate","sax",16,12,12,3
631,"validate","sax",41,9,1,2
631,"validate","sax",42,9,2,2
631,"validate","sax",43,9,3,2
631,"validate","sax",44,9,4,1
631,"validate","sax",45,9,5,1
631,"validate","sax",46,9,6,2
631,"validate","sax",47,9,7,2
631,"validate","sax",48,9,8,3
631,"validate","sax",49,9,9,3
632,"validate","sax",5,10,1,3
632,"validate","sax",6,10,2,3
632,"validate","sax",7,10,3,2
632,"validate","sax",8,10,4,2
632,"validate","sax",9,10,5,1
632,"validate","sax",10,10,6,1
632,"validate","sax",11,10,7,2
632,"validate","sax",12,10,8,2
632,"validate","sax",13,10,9,3
632,"validate","sax",14,10,10,3
633,"validate","sax",11,12,1,3
633,"validate","sax",12,12,2,3
633,"validate","sax",13,12,3,3
633,"validate","sax",14,12,4,2
633,"validate","sax",15,12,5,2
633,"validate","sax",16,12,6,1
633,"validate","sax",17,12,7,1
633,"validate","sax",18,12,8,2
633,"validate","sax",19,12,9,2
633,"validate","sax",20,12,10,3
633,"validate","sax",21,12,11,3
633,"validate","sax",22,12,12,3
634,"validate","sax",8,9,1,2
634,"validate","sax",9,9,2,2
634,"validate","sax",10,9,3,2
634,"validate","sax",11,9,4,1
634,"validate","sax",12,9,5,1
634,"validate","sax",13,9,6,2
634,"validate","sax",14,9,7,2
634,"validate","sax",15,9,8,3
634,"validate","sax",16,9,9,3
635,"validate","sax",5,12,1,3
635,"validate","sax",6,12,2,3
635,"validate","sax",7,12,3,3
635,"validate","sax",8,12,4,2
635,"validate","sax",9,12,5,2
635,"validate","sax",10,12,6,1
635,"validate","sax",11,12,7,1
635,"validate","sax",12,12,8,2
635,"validate","sax",13,12,9,2
635,"validate","sax",14,12,10,3
635,"validate","sax",15,12,11,3
635,"validate","sax",16,12,12,3
636,"validate","sax",43,10,1,3
636,"validate","sax",44,10,2,3
636,"validate","sax",45,10,3,2
636,"validate","sax",46,10,4,2
636,"validate","sax",47,10,5,1
636,"validate","sax",48,10,6,1
636,"validate","sax",49,10,7,2
636,"validate","sax",50,10,8,2
636,"validate","sax",51,10,9,3
636,"validate","sax",52,10,10,3
637,"validate","sax",5,11,1,3
637,"validate","sax",6,11,2,3
637,"validate","sax",7,11,3,2
637,"validate","sax",8,11,4,2
637,"validate","sax",9,11,5,1
637,"validate","sax",10,11,6,1
637,"validate","sax",11,11,7,2
637,"validate","sax",12,11,8,2
637,"validate","sax",13,11,9,3
637,"validate","sax",14,11,10,3
637,"validate","sax",15,11,11,3
638,"validate","sax",5,11,1,3
638,"validate","sax",6,11,2,3
638,"validate","sax",7,11,3,2
638,"validate","sax",8,11,4,2
638,"validate","sax",9,11,5,1
638,"validate","sax",10,11,6,1
638,"validate","sax",11,11,7,2
638,"validate","sax",12,11,8,2
638,"validate","sax",13,11,9,3
638,"validate","sax",14,11,10,3
638,"validate","sax",15,11,11,3
639,"validate","sax",6,9,1,2
639,"validate","sax",7,9,2,2
639,"validate","sax",8,9,3,2
639,"validate","sax",9,9,4,1
639,"validate","sax",10,9,5,1
639,"validate","sax",11,9,6,2
639,"validate","sax",12,9,7,2
639,"validate","sax",13,9,8,3
639,"validate","sax",14,9,9,3
640,"validate","sax",5,10,1,3
640,"validate","sax",6,10,2,3
640,"validate","sax",7,10,3,2
640,"validate","sax",8,10,4,2
640,"validate","sax",9,10,5,1
640,"validate","sax",10,10,6,1
640,"validate","sax",11,10,7,2
640,"validate","sax",12,10,8,2
640,"validate","sax",13,10,9,3
640,"validate","sax",14,10,10,3
641,"validate","sax",5,12,1,3
641,"validate","sax",6,12,2,3
641,"validate","sax",7,12,3,3
641,"validate","sax",8,12,4,2
641,"validate","sax",9,12,5,2
641,"validate","sax",10,12,6,1
641,"validate","sax",11,12,7,1
641,"validate","sax",12,12,8,2
641,"validate","sax",13,12,9,2
641,"validate","sax",14,12,10,3
641,"validate","sax",15,12,11,3
641,"validate","sax",16,12,12,3
642,"validate","sax",6,10,1,3
642,"validate","sax",7,10,2,3
642,"validate","sax",8,10,3,2
642,"validate","sax",9,10,4,2
642,"validate","sax",10,10,5,1
642,"validate","sax",11,10,6,1
642,"validate","sax",12,10,7,2
642,"validate","sax",13,10,8,2
642,"validate","sax",14,10,9,3
642,"validate","sax",15,10,10,3
643,"validate","sax",7,11,1,3
643,"validate","sax",8,11,2,3
643,"validate","sax",9,11,3,2
643,"validate","sax",10,11,4,2
643,"validate","sax",11,11,5,1
643,"validate","sax",12,11,6,1
643,"validate","sax",13,11,7,2
643,"validate","sax",14,11,8,2
643,"validate","sax",15,11,9,3
643,"validate","sax",17,11,10,3
643,"validate","sax",20,11,11,3
644,"validate","sax",9,11,1,3
644,"validate","sax",10,11,2,3
644,"validate","sax",11,11,3,2
644,"validate","sax",12,11,4,2
644,"validate","sax",13,11,5,1
644,"validate","sax",14,11,6,1
644,"validate","sax",15,11,7,2
644,"validate","sax",16,11,8,2
644,"validate","sax",17,11,9,3
644,"validate","sax",18,11,10,3
644,"validate","sax",19,11,11,3
645,"validate","sax",16,8,1,2
645,"validate","sax",17,8,2,2
645,"validate","sax",18,8,3,2
645,"validate","sax",19,8,4,1
645,"validate","sax",20,8,5,1
645,"validate","sax",21,8,6,2
645,"validate","sax",22,8,7,2
645,"validate","sax",23,8,8,2
646,"validate","sax",6,11,1,3
646,"validate","sax",7,11,2,3
646,"validate","sax",8,11,3,2
646,"validate","sax",9,11,4,2
646,"validate","sax",10,11,5,1
646,"validate","sax",11,11,6,1
646,"validate","sax",12,11,7,2
646,"validate","sax",13,11,8,2
646,"validate","sax",14,11,9,3
646,"validate","sax",15,11,10,3
646,"validate","sax",16,11,11,3
647,"validate","sax",6,9,1,2
647,"validate","sax",7,9,2,2
647,"validate","sax",8,9,3,2
647,"validate","sax",9,9,4,1
647,"validate","sax",10,9,5,1
647,"validate","sax",11,9,6,2
647,"validate","sax",12,9,7,2
647,"validate","sax",13,9,8,3
647,"validate","sax",14,9,9,3
648,"validate","sax",5,11,1,3
648,"validate","sax",6,11,2,3
648,"validate","sax",7,11,3,2
648,"validate","sax",8,11,4,2
648,"validate","sax",9,11,5,1
648,"validate","sax",10,11,6,1
648,"validate","sax",11,11,7,2
648,"validate","sax",12,11,8,2
648,"validate","sax",13,11,9,3
648,"validate","sax",14,11,10,3
648,"validate","sax",15,11,11,3
649,"validate","sax",9,18,1,5
649,"validate","sax",10,18,2,5
649,"validate","sax",12,18,3,4
649,"validate","sax",13,18,4,4
649,"validate","sax",14,18,5,3
649,"validate","sax",15,18,6,3
649,"validate","sax",16,18,7,2
649,"validate","sax",17,18,8,2
649,"validate","sax",18,18,9,1
649,"validate","sax",19,18,10,1
649,"validate","sax",20,18,11,2
649,"validate","sax",21,18,12,2
649,"validate","sax",22,18,13,3
649,"validate","sax",23,18,14,3
649,"validate","sax",24,18,15,4
649,"validate","sax",25,18,16,4
649,"validate","sax",27,18,17,5
649,"validate","sax",28,18,18,5
650,"validate","sax",111,14,1,4
650,"validate","sax",112,14,2,4
650,"validate","sax",113,14,3,3
650,"validate","sax",114,14,4,3
650,"validate","sax",115,14,5,2
650,"validate","sax",116,14,6,2
650,"validate","sax",117,14,7,1
650,"validate","sax",118,14,8,1
650,"validate","sax",119,14,9,2
650,"validate","sax",120,14,10,2
650,"validate","sax",121,14,11,3
650,"validate","sax",122,14,12,3
650,"validate","sax",123,14,13,4
650,"validate","sax",124,14,14,4
651,"validate","sax",9,11,1,3
651,"validate","sax",10,11,2,3
651,"validate","sax",11,11,3,2
651,"validate","sax",12,11,4,2
651,"validate","sax",13,11,5,1
651,"validate","sax",14,11,6,1
651,"validate","sax",15,11,7,2
651,"validate","sax",16,11,8,2
651,"validate","sax",17,11,9,3
651,"validate","sax",18,11,10,3
651,"validate","sax",19,11,11,3
652,"validate","sax",6,9,1,2
652,"validate","sax",7,9,2,2
652,"validate","sax",8,9,3,2
652,"validate","sax",9,9,4,1
652,"validate","sax",10,9,5,1
652,"validate","sax",11,9,6,2
652,"validate","sax",12,9,7,2
652,"validate","sax",13,9,8,3
652,"validate","sax",14,9,9,3
653,"validate","sax",12,9,1,2
653,"validate","sax",13,9,2,2
653,"validate","sax",14,9,3,2
653,"validate","sax",15,9,4,1
653,"validate","sax",16,9,5,1
653,"validate","sax",17,9,6,2
653,"validate","sax",18,9,7,2
653,"validate","sax",19,9,8,3
653,"validate","sax",20,9,9,3
654,"validate","sax",12,11,1,3
654,"validate","sax",13,11,2,3
654,"validate","sax",14,11,3,2
654,"validate","sax",15,11,4,2
654,"validate","sax",16,11,5,1
654,"validate","sax",17,11,6,1
654,"validate","sax",18,11,7,2
654,"validate","sax",19,11,8,2
654,"validate","sax",20,11,9,3
654,"validate","sax",21,11,10,3
654,"validate","sax",22,11,11,3
655,"validate","sax",5,8,1,2
655,"validate","sax",6,8,2,2
655,"validate","sax",7,8,3,2
655,"validate","sax",8,8,4,1
655,"validate","sax",9,8,5,1
655,"validate","sax",10,8,6,2
655,"validate","sax",11,8,7,2
655,"validate","sax",12,8,8,2
656,"validate","sax",18,11,1,3
656,"validate","sax",19,11,2,3
656,"validate","sax",20,11,3,2
656,"validate","sax",21,11,4,2
656,"validate","sax",22,11,5,1
656,"validate","sax",23,11,6,1
656,"validate","sax",24,11,7,2
656,"validate","sax",25,11,8,2
656,"validate","sax",26,11,9,3
656,"validate","sax",27,11,10,3
656,"validate","sax",28,11,11,3
657,"validate","sax",5,9,1,2
657,"validate","sax",6,9,2,2
657,"validate","sax",7,9,3,2
657,"validate","sax",8,9,4,1
657,"validate","sax",9,9,5,1
657,"validate","sax",10,9,6,2
657,"validate","sax",11,9,7,2
657,"validate","sax",12,9,8,3
657,"validate","sax",13,9,9,3
658,"validate","sax",9,11,1,3
658,"validate","sax",10,11,2,3
658,"validate","sax",11,11,3,2
658,"validate","sax",12,11,4,2
658,"validate","sax",13,11,5,1
658,"validate","sax",14,11,6,1
658,"validate","sax",15,11,7,2
658,"validate","sax",16,11,8,2
658,"validate","sax",17,11,9,3
658,"validate","sax",18,11,10,3
658,"validate","sax",19,11,11,3
659,"validate","sax",39,8,1,2
659,"validate","sax",40,8,2,2
659,"validate","sax",41,8,3,2
659,"validate","sax",42,8,4,1
659,"validate","sax",43,8,5,1
659,"validate","sax",44,8,6,2
659,"validate","sax",45,8,7,2
659,"validate","sax",46,8,8,2
660,"validate","sax",5,10,1,3
660,"validate","sax",6,10,2,3
660,"validate","sax",7,10,3,2
660,"validate","sax",8,10,4,2
660,"validate","sax",9,10,5,1
660,"validate","sax",10,10,6,1
660,"validate","sax",11,10,7,2
660,"validate","sax",12,10,8,2
660,"validate","sax",13,10,9,3
660,"validate","sax",14,10,10,3
661,"validate","sax",5,10,1,3
661,"validate","sax",6,10,2,3
661,"validate","sax",7,10,3,2
661,"validate","sax",8,10,4,2
661,"validate","sax",9,10,5,1
661,"validate","sax",10,10,6,1
661,"validate","sax",11,10,7,2
661,"validate","sax",12,10,8,2
661,"validate","sax",13,10,9,3
661,"validate","sax",14,10,10,3
662,"validate","sax",5,9,1,2
662,"validate","sax",6,9,2,2
662,"validate","sax",7,9,3,2
662,"validate","sax",8,9,4,1
662,"validate","sax",9,9,5,1
662,"validate","sax",10,9,6,2
662,"validate","sax",11,9,7,2
662,"validate","sax",12,9,8,3
662,"validate","sax",13,9,9,3
663,"validate","sax",11,11,1,3
663,"validate","sax",12,11,2,3
663,"validate","sax",13,11,3,2
663,"validate","sax",14,11,4,2
663,"validate","sax",15,11,5,1
663,"validate","sax",16,11,6,1
663,"validate","sax",17,11,7,2
663,"validate","sax",18,11,8,2
663,"validate","sax",19,11,9,3
663,"validate","sax",20,11,10,3
663,"validate","sax",21,11,11,3
664,"validate","sax",10,14,1,4
664,"validate","sax",11,14,2,4
664,"validate","sax",12,14,3,3
664,"validate","sax",13,14,4,3
664,"validate","sax",14,14,5,2
664,"validate","sax",15,14,6,2
664,"validate","sax",16,14,7,1
664,"validate","sax",17,14,8,1
664,"validate","sax",18,14,9,2
664,"validate","sax",19,14,10,2
664,"validate","sax",20,14,11,3
664,"validate","sax",21,14,12,3
664,"validate","sax",22,14,13,4
664,"validate","sax",23,14,14,4
665,"validate","sax",5,11,1,3
665,"validate","sax",6,11,2,3
665,"validate","sax",7,11,3,2
665,"validate","sax",8,11,4,2
665,"validate","sax",9,11,5,1
665,"validate","sax",10,11,6,1
665,"validate","sax",11,11,7,2
665,"validate","sax",12,11,8,2
665,"validate","sax",13,11,9,3
665,"validate","sax",14,11,10,3
665,"validate","sax",15,11,11,3
666,"validate","sax",9,11,1,3
666,"validate","sax",10,11,2,3
666,"validate","sax",11,11,3,2
666,"validate","sax",12,11,4,2
666,"validate","sax",13,11,5,1
666,"validate","sax",14,11,6,1
666,"validate","sax",15,11,7,2
666,"validate","sax",16,11,8,2
666,"validate","sax",17,11,9,3
666,"validate","sax",18,11,10,3
666,"validate","sax",19,11,11,3
667,"validate","sax",6,16,1,4
667,"validate","sax",7,16,2,4
667,"validate","sax",8,16,3,4
667,"validate","sax",9,16,4,3
667,"validate","sax",10,16,5,3
667,"validate","sax",11,16,6,2
667,"validate","sax",12,16,7,2
667,"validate","sax",13,16,8,1
667,"validate","sax",14,16,9,1
667,"validate","sax",15,16,10,2
667,"validate","sax",16,16,11,2
667,"validate","sax",17,16,12,3
667,"validate","sax",18,16,13,3
667,"validate","sax",19,16,14,4
667,"validate","sax",20,16,15,4
667,"validate","sax",21,16,16,4
668,"validate","sax",7,8,1,2
668,"validate","sax",8,8,2,2
668,"validate","sax",9,8,3,2
668,"validate","sax",10,8,4,1
668,"validate","sax",11,8,5,1
668,"validate","sax",12,8,6,2
668,"validate","sax",13,8,7,2
668,"validate","sax",14,8,8,2
669,"validate","sax",5,9,1,2
669,"validate","sax",6,9,2,2
669,"validate","sax",7,9,3,2
669,"validate","sax",8,9,4,1
669,"validate","sax",9,9,5,1
669,"validate","sax",10,9,6,2
669,"validate","sax",11,9,7,2
669,"validate","sax",12,9,8,3
669,"validate","sax",13,9,9,3
670,"validate","sax",46,9,1,2
670,"validate","sax",47,9,2,2
670,"validate","sax",48,9,3,2
670,"validate","sax",49,9,4,1
670,"validate","sax",50,9,5,1
670,"validate","sax",51,9,6,2
670,"validate","sax",52,9,7,2
670,"validate","sax",53,9,8,3
670,"validate","sax",54,9,9,3
671,"validate","sax",5,10,1,3
671,"validate","sax",6,10,2,3
671,"validate","sax",7,10,3,2
671,"validate","sax",8,10,4,2
671,"validate","sax",9,10,5,1
671,"validate","sax",10,10,6,1
671,"validate","sax",11,10,7,2
671,"validate","sax",12,10,8,2
671,"validate","sax",13,10,9,3
671,"validate","sax",14,10,10,3
672,"validate","sax",5,11,1,3
672,"validate","sax",6,11,2,3
672,"validate","sax",7,11,3,2
672,"validate","sax",8,11,4,2
672,"validate","sax",9,11,5,1
672,"validate","sax",10,11,6,1
672,"validate","sax",11,11,7,2
672,"validate","sax",12,11,8,2
672,"validate","sax",13,11,9,3
672,"validate","sax",14,11,10,3
672,"validate","sax",15,11,11,3
673,"validate","sax",39,11,1,3
673,"validate","sax",40,11,2,3
673,"validate","sax",41,11,3,2
673,"validate","sax",42,11,4,2
673,"validate","sax",43,11,5,1
673,"validate","sax",44,11,6,1
673,"validate","sax",45,11,7,2
673,"validate","sax",46,11,8,2
673,"validate","sax",47,11,9,3
673,"validate","sax",48,11,10,3
673,"validate","sax",49,11,11,3
674,"validate","sax",5,12,1,3
674,"validate","sax",6,12,2,3
674,"validate","sax",7,12,3,3
674,"validate","sax",8,12,4,2
674,"validate","sax",9,12,5,2
674,"validate","sax",10,12,6,1
674,"validate","sax",11,12,7,1
674,"validate","sax",12,12,8,2
674,"validate","sax",13,12,9,2
674,"validate","sax",14,12,10,3
674,"validate","sax",15,12,11,3
674,"validate","sax",16,12,12,3
675,"validate","sax",41,12,1,3
675,"validate","sax",42,12,2,3
675,"validate","sax",43,12,3,3
675,"validate","sax",44,12,4,2
675,"validate","sax",45,12,5,2
675,"validate","sax",46,12,6,1
675,"validate","sax",47,12,7,1
675,"validate","sax",48,12,8,2
675,"validate","sax",49,12,9,2
675,"validate","sax",50,12,10,3
675,"validate","sax",51,12,11,3
675,"validate","sax",52,12,12,3
676,"validate","sax",55,12,1,3
676,"validate","sax",56,12,2,3
676,"validate","sax",57,12,3,3
676,"validate","sax",58,12,4,2
676,"validate","sax",59,12,5,2
676,"validate","sax",60,12,6,1
676,"validate","sax",61,12,7,1
676,"validate","sax",62,12,8,2
676,"validate","sax",63,12,9,2
676,"validate","sax",64,12,10,3
676,"validate","sax",65,12,11,3
676,"validate","sax",66,12,12,3
677,"validate","sax",5,9,1,2
677,"validate","sax",6,9,2,2
677,"validate","sax",7,9,3,2
677,"validate","sax",8,9,4,1
677,"validate","sax",9,9,5,1
677,"validate","sax",10,9,6,2
677,"validate","sax",11,9,7,2
677,"validate","sax",12,9,8,3
677,"validate","sax",13,9,9,3
678,"validate","sax",41,8,1,2
678,"validate","sax",42,8,2,2
678,"validate","sax",43,8,3,2
678,"validate","sax",44,8,4,1
678,"validate","sax",45,8,5,1
678,"validate","sax",46,8,6,2
678,"validate","sax",47,8,7,2
678,"validate","sax",48,8,8,2
679,"validate","sax",5,16,1,4
679,"validate","sax",6,16,2,4
679,"validate","sax",7,16,3,4
679,"validate","sax",8,16,4,3
679,"validate","sax",9,16,5,3
679,"validate","sax",10,16,6,2
679,"validate","sax",11,16,7,2
679,"validate","sax",12,16,8,1
679,"validate","sax",13,16,9,1
679,"validate","sax",14,16,10,2
679,"validate","sax",49,16,11,2
679,"validate","sax",50,16,12,3
679,"validate","sax",51,16,13,3
679,"validate","sax",52,16,14,4
679,"validate","sax",53,16,15,4
679,"validate","sax",54,16,16,4
680,"validate","sax",5,9,1,2
680,"validate","sax",6,9,2,2
680,"validate","sax",7,9,3,2
680,"validate","sax",8,9,4,1
680,"validate","sax",9,9,5,1
680,"validate","sax",10,9,6,2
680,"validate","sax",11,9,7,2
680,"validate","sax",12,9,8,3
680,"validate","sax",13,9,9,3
681,"validate","sax",6,9,1,2
681,"validate","sax",7,9,2,2
681,"validate","sax",8,9,3,2
681,"validate","sax",9,9,4,1
681,"validate","sax",10,9,5,1
681,"validate","sax",11,9,6,2
681,"validate","sax",12,9,7,2
681,"validate","sax",13,9,8,3
681,"validate","sax",14,9,9,3
682,"validate","sax",11,16,1,4
682,"validate","sax",12,16,2,4
682,"validate","sax",13,16,3,4
682,"validate","sax",14,16,4,3
682,"validate","sax",15,16,5,3
682,"validate","sax",16,16,6,2
682,"validate","sax",17,16,7,2
682,"validate","sax",18,16,8,1
682,"validate","sax",19,16,9,1
682,"validate","sax",20,16,10,2
682,"validate","sax",21,16,11,2
682,"validate","sax",22,16,12,3
682,"validate","sax",23,16,13,3
682,"validate","sax",24,16,14,4
682,"validate","sax",25,16,15,4
682,"validate","sax",26,16,16,4
683,"validate","sax",37,11,1,3
683,"validate","sax",38,11,2,3
683,"validate","sax",39,11,3,2
683,"validate","sax",40,11,4,2
683,"validate","sax",41,11,5,1
683,"validate","sax",42,11,6,1
683,"validate","sax",43,11,7,2
683,"validate","sax",44,11,8,2
683,"validate","sax",45,11,9,3
683,"validate","sax",46,11,10,3
683,"validate","sax",47,11,11,3
684,"validate","sax",8,11,1,3
684,"validate","sax",9,11,2,3
684,"validate","sax",10,11,3,2
684,"validate","sax",11,11,4,2
684,"validate","sax",12,11,5,1
684,"validate","sax",13,11,6,1
684,"validate","sax",14,11,7,2
684,"validate","sax",15,11,8,2
684,"validate","sax",16,11,9,3
684,"validate","sax",17,11,10,3
684,"validate","sax",18,11,11,3
685,"validate","sax",10,14,1,4
685,"validate","sax",11,14,2,4
685,"validate","sax",12,14,3,3
685,"validate","sax",13,14,4,3
685,"validate","sax",14,14,5,2
685,"validate","sax",15,14,6,2
685,"validate","sax",16,14,7,1
685,"validate","sax",17,14,8,1
685,"validate","sax",18,14,9,2
685,"validate","sax",19,14,10,2
685,"validate","sax",20,14,11,3
685,"validate","sax",21,14,12,3
685,"validate","sax",22,14,13,4
685,"validate","sax",23,14,14,4
686,"validate","sax",37,11,1,3
686,"validate","sax",38,11,2,3
686,"validate","sax",39,11,3,2
686,"validate","sax",40,11,4,2
686,"validate","sax",41,11,5,1
686,"validate","sax",42,11,6,1
686,"validate","sax",43,11,7,2
686,"validate","sax",44,11,8,2
686,"validate","sax",45,11,9,3
686,"validate","sax",46,11,10,3
686,"validate","sax",47,11,11,3
687,"validate","sax",5,10,1,3
687,"validate","sax",6,10,2,3
687,"validate","sax",7,10,3,2
687,"validate","sax",8,10,4,2
687,"validate","sax",9,10,5,1
687,"validate","sax",10,10,6,1
687,"validate","sax",11,10,7,2
687,"validate","sax",12,10,8,2
687,"validate","sax",13,10,9,3
687,"validate","sax",14,10,10,3
688,"validate","sax",55,15,1,4
688,"validate","sax",56,15,2,4
688,"validate","sax",57,15,3,3
688,"validate","sax",58,15,4,3
688,"validate","sax",59,15,5,2
688,"validate","sax",60,15,6,2
688,"validate","sax",61,15,7,1
688,"validate","sax",62,15,8,1
688,"validate","sax",63,15,9,2
688,"validate","sax",64,15,10,2
688,"validate","sax",65,15,11,3
688,"validate","sax",66,15,12,3
688,"validate","sax",67,15,13,4
688,"validate","sax",68,15,14,4
688,"validate","sax",69,15,15,4
689,"validate","sax",5,12,1,3
689,"validate","sax",6,12,2,3
689,"validate","sax",7,12,3,3
689,"validate","sax",8,12,4,2
689,"validate","sax",9,12,5,2
689,"validate","sax",10,12,6,1
689,"validate","sax",11,12,7,1
689,"validate","sax",12,12,8,2
689,"validate","sax",13,12,9,2
689,"validate","sax",14,12,10,3
689,"validate","sax",15,12,11,3
689,"validate","sax",16,12,12,3
690,"validate","sax",8,10,1,3
690,"validate","sax",9,10,2,3
690,"validate","sax",10,10,3,2
690,"validate","sax",11,10,4,2
690,"validate","sax",12,10,5,1
690,"validate","sax",13,10,6,1
690,"validate","sax",14,10,7,2
690,"validate","sax",15,10,8,2
690,"validate","sax",16,10,9,3
690,"validate","sax",17,10,10,3
691,"validate","sax",5,9,1,2
691,"validate","sax",6,9,2,2
691,"validate","sax",7,9,3,2
691,"validate","sax",8,9,4,1
691,"validate","sax",9,9,5,1
691,"validate","sax",10,9,6,2
691,"validate","sax",11,9,7,2
691,"validate","sax",12,9,8,3
691,"validate","sax",13,9,9,3
692,"validate","sax",8,19,1,5
692,"validate","sax",9,19,2,5
692,"validate","sax",10,19,3,4
692,"validate","sax",11,19,4,4
692,"validate","sax",12,19,5,3
692,"validate","sax",13,19,6,3
692,"validate","sax",14,19,7,2
692,"validate","sax",15,19,8,2
692,"validate","sax",16,19,9,1
692,"validate","sax",17,19,10,1
692,"validate","sax",18,19,11,2
692,"validate","sax",19,19,12,2
692,"validate","sax",20,19,13,3
692,"validate","sax",21,19,14,3
692,"validate","sax",22,19,15,4
692,"validate","sax",23,19,16,4
692,"validate","sax",24,19,17,5
692,"validate","sax",25,19,18,5
692,"validate","sax",26,19,19,5
693,"validate","sax",6,10,1,3
693,"validate","sax",7,10,2,3
693,"validate","sax",8,10,3,2
693,"validate","sax",9,10,4,2
693,"validate","sax",10,10,5,1
693,"validate","sax",11,10,6,1
693,"validate","sax",12,10,7,2
693,"validate","sax",13,10,8,2
693,"validate","sax",14,10,9,3
693,"validate","sax",16,10,10,3
694,"validate","sax",29,12,1,3
694,"validate","sax",30,12,2,3
694,"validate","sax",31,12,3,3
694,"validate","sax",32,12,4,2
694,"validate","sax",33,12,5,2
694,"validate","sax",34,12,6,1
694,"validate","sax",35,12,7,1
694,"validate","sax",36,12,8,2
694,"validate","sax",37,12,9,2
694,"validate","sax",38,12,10,3
694,"validate","sax",39,12,11,3
694,"validate","sax",40,12,12,3
695,"validate","sax",54,11,1,3
695,"validate","sax",55,11,2,3
695,"validate","sax",56,11,3,2
695,"validate","sax",57,11,4,2
695,"validate","sax",58,11,5,1
695,"validate","sax",59,11,6,1
695,"validate","sax",60,11,7,2
695,"validate","sax",61,11,8,2
695,"validate","sax",62,11,9,3
695,"validate","sax",63,11,10,3
695,"validate","sax",64,11,11,3
696,"validate","sax",5,10,1,3
696,"validate","sax",6,10,2,3
696,"validate","sax",7,10,3,2
696,"validate","sax",8,10,4,2
696,"validate","sax",9,10,5,1
696,"validate","sax",10,10,6,1
696,"validate","sax",11,10,7,2
696,"validate","sax",12,10,8,2
696,"validate","sax",13,10,9,3
696,"validate","sax",14,10,10,3
697,"validate","sax",5,9,1,2
697,"validate","sax",6,9,2,2
697,"validate","sax",7,9,3,2
697,"validate","sax",8,9,4,1
697,"validate","sax",9,9,5,1
697,"validate","sax",10,9,6,2
697,"validate","sax",11,9,7,2
697,"validate","sax",12,9,8,3
697,"validate","sax",13,9,9,3
698,"validate","sax",12,12,1,3
698,"validate","sax",13,12,2,3
698,"validate","sax",14,12,3,3
698,"validate","sax",15,12,4,2
698,"validate","sax",16,12,5,2
698,"validate","sax",17,12,6,1
698,"validate","sax",18,12,7,1
698,"validate","sax",19,12,8,2
698,"validate","sax",33,12,9,2
698,"validate","sax",34,12,10,3
698,"validate","sax",35,12,11,3
698,"validate","sax",36,12,12,3
699,"validate","sax",12,11,1,3
699,"validate","sax",13,11,2,3
699,"validate","sax",14,11,3,2
699,"validate","sax",15,11,4,2
699,"validate","sax",16,11,5,1
699,"validate","sax",17,11,6,1
699,"validate","sax",18,11,7,2
699,"validate","sax",19,11,8,2
699,"validate","sax",20,11,9,3
699,"validate","sax",21,11,10,3
699,"validate","sax",22,11,11,3
700,"validate","sax",5,9,1,2
700,"validate","sax",6,9,2,2
700,"validate","sax",7,9,3,2
700,"validate","sax",8,9,4,1
700,"validate","sax",9,9,5,1
700,"validate","sax",10,9,6,2
700,"validate","sax",11,9,7,2
700,"validate","sax",12,9,8,3
700,"validate","sax",13,9,9,3
